--
-- Script was generated by Devart dbForge Studio 2019 for MySQL, Version 8.2.23.0
-- Product home page: http://www.devart.com/dbforge/mysql/studio
-- Script date 2024. 03. 19. 22:08:08
-- Server version: 5.5.5-10.4.32-MariaDB
-- Client version: 4.1
--

-- 
-- Disable foreign keys
-- 
/*!40014 SET @OLD_FOREIGN_KEY_CHECKS=@@FOREIGN_KEY_CHECKS, FOREIGN_KEY_CHECKS=0 */;

-- 
-- Set SQL mode
-- 
/*!40101 SET @OLD_SQL_MODE=@@SQL_MODE, SQL_MODE='NO_AUTO_VALUE_ON_ZERO' */;

-- 
-- Set character set the client will use to send SQL statements to the server
--
SET NAMES 'utf8';

--
-- Set default database
--
USE webshop;

--
-- Drop table `megrendelések`
--
DROP TABLE IF EXISTS megrendelések;

--
-- Drop table `kosár`
--
DROP TABLE IF EXISTS kosár;

--
-- Drop table `rendelések`
--
DROP TABLE IF EXISTS rendelések;

--
-- Drop table `users`
--
DROP TABLE IF EXISTS users;

--
-- Drop table `2in1`
--
DROP TABLE IF EXISTS `2in1`;

--
-- Drop table `fejhallgatók`
--
DROP TABLE IF EXISTS fejhallgatók;

--
-- Drop table `laptopok`
--
DROP TABLE IF EXISTS laptopok;

--
-- Drop table `monitorok`
--
DROP TABLE IF EXISTS monitorok;

--
-- Drop table `pc`
--
DROP TABLE IF EXISTS pc;

--
-- Drop table `raktár`
--
DROP TABLE IF EXISTS raktár;

--
-- Set default database
--
USE webshop;

--
-- Create table `raktár`
--
CREATE TABLE raktár (
  TermékID varchar(5) NOT NULL,
  Raktáron tinyint(1) DEFAULT NULL,
  DB smallint(6) DEFAULT NULL,
  Elérhető tinyint(1) DEFAULT NULL,
  Látható tinyint(1) DEFAULT NULL,
  Ár bigint(20) DEFAULT NULL,
  PRIMARY KEY (TermékID)
)
ENGINE = INNODB,
AVG_ROW_LENGTH = 248,
CHARACTER SET utf8mb4,
COLLATE utf8mb4_hungarian_ci;

--
-- Create table `pc`
--
CREATE TABLE pc (
  PCID varchar(5) NOT NULL,
  Márka varchar(255) DEFAULT NULL,
  Név varchar(255) DEFAULT NULL,
  Processzor_típusa varchar(255) DEFAULT NULL,
  Processzor_magok_száma tinyint(4) DEFAULT NULL,
  Processzor_sebessége varchar(7) DEFAULT NULL,
  Memória_típusa varchar(11) DEFAULT NULL,
  Memória_mérete tinyint(4) DEFAULT NULL,
  Videókártya varchar(255) DEFAULT NULL,
  Tárhely_típusa varchar(7) DEFAULT NULL,
  Tárhely_mérete varchar(10) DEFAULT NULL,
  Tápegység_teljesítménye varchar(6) DEFAULT NULL,
  Optikai_meghajtó varchar(255) DEFAULT NULL,
  Csatlakozók varchar(255) DEFAULT NULL,
  WLAN tinyint(1) DEFAULT NULL,
  WLAN_szabvány varchar(10) DEFAULT NULL,
  Bluetooth tinyint(1) DEFAULT NULL,
  Bluetooth_verzió varchar(3) DEFAULT NULL,
  PRIMARY KEY (PCID)
)
ENGINE = INNODB,
AVG_ROW_LENGTH = 3276,
CHARACTER SET utf8mb4,
COLLATE utf8mb4_hungarian_ci;

--
-- Create foreign key
--
ALTER TABLE pc
ADD CONSTRAINT FK_pc_raktár_TermékID FOREIGN KEY (PCID)
REFERENCES raktár (TermékID) ON DELETE NO ACTION ON UPDATE NO ACTION;

--
-- Create table `monitorok`
--
CREATE TABLE monitorok (
  MonitorID varchar(5) NOT NULL,
  Márka varchar(255) DEFAULT NULL,
  Név varchar(255) DEFAULT NULL,
  Szín varchar(255) DEFAULT NULL,
  Paneltípus varchar(5) DEFAULT NULL,
  Képernyőméret varchar(55) DEFAULT NULL,
  Képarány varchar(15) DEFAULT NULL,
  Felbontás varchar(15) DEFAULT NULL,
  Képfrissítés varchar(6) DEFAULT NULL,
  Csatlakozók varchar(255) DEFAULT NULL,
  Támogatott_funkciók varchar(255) DEFAULT NULL,
  PRIMARY KEY (MonitorID)
)
ENGINE = INNODB,
AVG_ROW_LENGTH = 2340,
CHARACTER SET utf8mb4,
COLLATE utf8mb4_hungarian_ci;

--
-- Create foreign key
--
ALTER TABLE monitorok
ADD CONSTRAINT FK_monitorok_raktár_TermékID FOREIGN KEY (MonitorID)
REFERENCES raktár (TermékID) ON DELETE NO ACTION ON UPDATE NO ACTION;

--
-- Create table `laptopok`
--
CREATE TABLE laptopok (
  LaptopID varchar(5) NOT NULL,
  Márka varchar(255) DEFAULT NULL,
  Név text CHARACTER SET utf8 COLLATE utf8_general_ci DEFAULT NULL,
  Képernyő_átmérő varchar(5) CHARACTER SET utf8 COLLATE utf8_general_ci DEFAULT NULL,
  Felbontás varchar(20) CHARACTER SET utf8 COLLATE utf8_general_ci DEFAULT NULL,
  Képfrissítés varchar(8) DEFAULT NULL,
  Képarany varchar(10) CHARACTER SET utf8 COLLATE utf8_general_ci DEFAULT NULL,
  Processzor varchar(255) CHARACTER SET utf8 COLLATE utf8_general_ci DEFAULT NULL,
  Processzor_sebessége varchar(10) CHARACTER SET utf8 COLLATE utf8_general_ci DEFAULT NULL,
  Processzor_magok_száma tinyint(3) DEFAULT NULL,
  RAM_típusa varchar(11) CHARACTER SET utf8 COLLATE utf8_general_ci DEFAULT NULL,
  RAM_mérete smallint(5) DEFAULT NULL,
  Videókártya varchar(255) CHARACTER SET utf8 COLLATE utf8_general_ci DEFAULT NULL,
  Merevlemez_típusa varchar(10) CHARACTER SET utf8 COLLATE utf8_general_ci DEFAULT NULL,
  Merevlemez_mérete smallint(5) DEFAULT NULL,
  Optikai_meghajtó varchar(30) CHARACTER SET utf8 COLLATE utf8_general_ci DEFAULT NULL,
  Csatlakozók text CHARACTER SET utf8 COLLATE utf8_general_ci DEFAULT NULL,
  WLAN tinyint(1) DEFAULT NULL,
  WLAN_szabvány varchar(11) CHARACTER SET utf8 COLLATE utf8_general_ci DEFAULT NULL,
  Bluetooth tinyint(1) DEFAULT NULL,
  Bluetooth_verzió varchar(3) CHARACTER SET utf8 COLLATE utf8_general_ci DEFAULT NULL,
  Akkumulátor_kapacitás varchar(10) CHARACTER SET utf8 COLLATE utf8_general_ci DEFAULT NULL,
  Szín varchar(20) CHARACTER SET utf8 COLLATE utf8_general_ci DEFAULT NULL,
  PRIMARY KEY (LaptopID)
)
ENGINE = INNODB,
AVG_ROW_LENGTH = 1024,
CHARACTER SET utf8mb4,
COLLATE utf8mb4_hungarian_ci;

--
-- Create foreign key
--
ALTER TABLE laptopok
ADD CONSTRAINT FK_laptopok_raktár_TermékID FOREIGN KEY (LaptopID)
REFERENCES raktár (TermékID) ON DELETE NO ACTION ON UPDATE NO ACTION;

--
-- Create table `fejhallgatók`
--
CREATE TABLE fejhallgatók (
  FejID varchar(5) NOT NULL,
  Márka varchar(255) DEFAULT NULL,
  Név varchar(255) DEFAULT NULL,
  Típusa varchar(255) DEFAULT NULL,
  Jelátvitel varchar(255) DEFAULT NULL,
  Érzékenység varchar(255) DEFAULT NULL,
  Frekvenciátvitel varchar(255) DEFAULT NULL,
  Hangerőszabályzó tinyint(1) DEFAULT NULL,
  Mikrofon tinyint(1) DEFAULT NULL,
  Bluetooth tinyint(1) DEFAULT NULL,
  Bluetooth_verzió varchar(3) DEFAULT NULL,
  Csatlakozók varchar(255) DEFAULT NULL,
  Tömeg varchar(255) DEFAULT NULL,
  Szín varchar(255) DEFAULT NULL,
  PRIMARY KEY (FejID)
)
ENGINE = INNODB,
AVG_ROW_LENGTH = 3276,
CHARACTER SET utf8mb4,
COLLATE utf8mb4_hungarian_ci;

--
-- Create foreign key
--
ALTER TABLE fejhallgatók
ADD CONSTRAINT FK_fejhallgatók_raktár_TermékID FOREIGN KEY (FejID)
REFERENCES raktár (TermékID) ON DELETE NO ACTION ON UPDATE NO ACTION;

--
-- Create table `2in1`
--
CREATE TABLE `2in1` (
  `2in1Azon` varchar(5) NOT NULL,
  Márka varchar(25) DEFAULT NULL,
  Név varchar(255) NOT NULL,
  Képernyő_mérete varchar(5) NOT NULL,
  Felbontás varchar(11) NOT NULL,
  Képarány varchar(5) DEFAULT NULL,
  Processzor varchar(255) DEFAULT NULL,
  Processzor_sebessége varchar(10) DEFAULT NULL,
  Processzor_magok_száma smallint(2) NOT NULL,
  RAM_típus varchar(10) NOT NULL,
  RAM_mérete smallint(2) NOT NULL,
  Videókártya varchar(255) NOT NULL,
  Merevlemez_típusa varchar(10) NOT NULL,
  Merevlemez_mérete varchar(255) NOT NULL,
  Optikai_meghajtó varchar(255) NOT NULL,
  Csatlakozók varchar(255) NOT NULL,
  WLAN tinyint(1) NOT NULL,
  WLAN_szabvány varchar(15) DEFAULT NULL,
  Bluetooth tinyint(1) NOT NULL,
  Bluetooth_verzió varchar(3) DEFAULT NULL,
  Akkumlátor_kapacitás varchar(8) DEFAULT NULL,
  Szín varchar(25) DEFAULT NULL,
  PRIMARY KEY (`2in1Azon`)
)
ENGINE = INNODB,
AVG_ROW_LENGTH = 2730,
CHARACTER SET utf8mb4,
COLLATE utf8mb4_hungarian_ci;

--
-- Create foreign key
--
ALTER TABLE `2in1`
ADD CONSTRAINT FK_2in1_raktár_TermékID FOREIGN KEY (`2in1Azon`)
REFERENCES raktár (TermékID) ON DELETE NO ACTION ON UPDATE NO ACTION;

--
-- Create table `users`
--
CREATE TABLE users (
  Felhasználószám int(11) NOT NULL AUTO_INCREMENT,
  username varchar(55) DEFAULT NULL,
  lastname varchar(55) DEFAULT NULL,
  firstname varchar(55) DEFAULT NULL,
  email varchar(255) DEFAULT NULL,
  pwd varchar(255) DEFAULT NULL,
  defaddress varchar(255) DEFAULT NULL,
  Szállítási_cím varchar(255) DEFAULT NULL,
  tel bigint(20) DEFAULT NULL,
  Bankkártya_szám bigint(16) DEFAULT NULL,
  CVC tinyint(4) DEFAULT NULL,
  lejárat varchar(5) DEFAULT NULL,
  Regisztráció_ideje timestamp NOT NULL DEFAULT CURRENT_TIMESTAMP() ON UPDATE CURRENT_TIMESTAMP,
  admin tinyint(1) NOT NULL DEFAULT 0,
  PRIMARY KEY (Felhasználószám)
)
ENGINE = INNODB,
AUTO_INCREMENT = 2,
CHARACTER SET utf8mb4,
COLLATE utf8mb4_hungarian_ci;

--
-- Create table `rendelések`
--
CREATE TABLE rendelések (
  Rendelésszám int(11) NOT NULL,
  FelhasználóID int(11) NOT NULL,
  KosárID int(11) NOT NULL,
  Állapot tinyint(2) NOT NULL DEFAULT 0,
  PRIMARY KEY (Rendelésszám)
)
ENGINE = INNODB,
CHARACTER SET utf8mb4,
COLLATE utf8mb4_hungarian_ci;

--
-- Create foreign key
--
ALTER TABLE rendelések
ADD CONSTRAINT FK_rendelések_felhasználók_Felhasználószám FOREIGN KEY (FelhasználóID)
REFERENCES users (Felhasználószám) ON DELETE NO ACTION ON UPDATE NO ACTION;

--
-- Create table `kosár`
--
CREATE TABLE kosár (
  KosárID int(11) NOT NULL,
  FelhID int(11) NOT NULL,
  TermékID varchar(255) NOT NULL,
  Ár varchar(255) DEFAULT NULL,
  Darab varchar(255) DEFAULT NULL,
  Netto_ár bigint(20) DEFAULT NULL,
  Áfa tinyint(2) DEFAULT NULL,
  Teljes_ár bigint(20) DEFAULT NULL,
  PRIMARY KEY (KosárID)
)
ENGINE = INNODB,
CHARACTER SET utf8mb4,
COLLATE utf8mb4_hungarian_ci;

--
-- Create foreign key
--
ALTER TABLE kosár
ADD CONSTRAINT FK_kosár_felhasználók_Felhasználószám FOREIGN KEY (FelhID)
REFERENCES users (Felhasználószám) ON DELETE NO ACTION ON UPDATE NO ACTION;

--
-- Create foreign key
--
ALTER TABLE kosár
ADD CONSTRAINT FK_kosár_raktár_TermékID FOREIGN KEY (TermékID)
REFERENCES raktár (TermékID) ON DELETE NO ACTION ON UPDATE NO ACTION;

--
-- Create table `megrendelések`
--
CREATE TABLE megrendelések (
  RendelésID int(11) NOT NULL AUTO_INCREMENT,
  KosárID int(11) DEFAULT NULL,
  FelhasználóID int(11) DEFAULT NULL,
  Szállítási_cím varchar(255) DEFAULT NULL,
  Fizetve tinyint(1) DEFAULT NULL,
  Utánvét tinyint(1) DEFAULT NULL,
  Tracking_number int(11) DEFAULT NULL,
  Állapot tinyint(4) NOT NULL,
  Rendelés_ideje time NOT NULL DEFAULT CURRENT_TIMESTAMP(),
  PRIMARY KEY (RendelésID)
)
ENGINE = INNODB,
CHARACTER SET utf8mb4,
COLLATE utf8mb4_hungarian_ci;

--
-- Create foreign key
--
ALTER TABLE megrendelések
ADD CONSTRAINT FK_megrendelések_felhasználók_Felhasználószám FOREIGN KEY (FelhasználóID)
REFERENCES users (Felhasználószám) ON DELETE NO ACTION ON UPDATE NO ACTION;

--
-- Create foreign key
--
ALTER TABLE megrendelések
ADD CONSTRAINT FK_megrendelések_kosár_KosárID FOREIGN KEY (KosárID)
REFERENCES kosár (KosárID) ON DELETE NO ACTION ON UPDATE NO ACTION;

--
-- Create foreign key
--
ALTER TABLE megrendelések
ADD CONSTRAINT FK_megrendelések_rendelések_Rendelésszám FOREIGN KEY (RendelésID)
REFERENCES rendelések (Rendelésszám) ON DELETE NO ACTION ON UPDATE NO ACTION;

-- 
-- Dumping data for table raktár
--
INSERT INTO raktár VALUES
('FE001', 1, 10, 1, 1, 51999),
('FE002', 1, 12, 1, 1, 36999),
('FE003', 1, 14, 1, 1, 116999),
('FE004', 1, 41, 1, 1, 172999),
('FE005', 1, 60, 1, 1, 222999),
('I001', 1, 20, 1, 1, 859900),
('I002', 1, 10, 1, 1, 750000),
('I003', 1, 10, 1, 1, 435000),
('I004', 1, 10, 1, 1, 1020999),
('I005', 1, 10, 1, 1, 464999),
('I006', 1, 10, 1, 1, 728999),
('L001', 1, 10, 1, 1, 195999),
('L002', 1, 10, 1, 1, 194700),
('L003', 1, 10, 1, 1, 234999),
('L004', 1, 10, 1, 1, 132100),
('L005', 1, 5, 1, 1, 255999),
('L006', 1, 6, 1, 1, 275999),
('L007', 1, 8, 1, 1, 219999),
('L008', 1, 6, 1, 1, 442999),
('L009', 1, 15, 1, 1, 165600),
('L010', 1, 4, 1, 1, 147999),
('L011', 1, 6, 1, 1, 391000),
('L012', 1, 12, 1, 1, 159999),
('L013', 1, 13, 1, 1, 139000),
('L014', 1, 14, 1, 1, 173999),
('L015', 1, 10, 1, 1, 514999),
('L016', 1, 10, 1, 1, 151000),
('L017', 1, 10, 1, 1, 160999),
('L018', 1, 12, 1, 1, 280999),
('L019', 1, 10, 1, 1, 290999),
('L020', 1, 6, 1, 1, 194999),
('L021', 1, 10, 1, 1, 149900),
('L022', 1, 10, 1, 1, 466439),
('L023', 1, 2, 1, 1, 389999),
('L024', 1, 50, 1, 1, 599999),
('L025', 1, 10, 1, 1, 389999),
('L026', 1, 2, 1, 1, 599999),
('L027', 1, 4, 1, 1, 866999),
('L028', 1, 6, 1, 1, 1149999),
('L029', 1, 3, 1, 1, 1826999),
('L030', 1, 10, 1, 1, 599999),
('L031', 1, 9, 1, 1, 659999),
('L032', 1, 15, 1, 1, 195999),
('L033', 1, 5, 1, 1, 88999),
('L034', 1, 3, 1, 1, 170999),
('L035', 1, 6, 1, 1, 339999),
('L036', 1, 25, 1, 1, 587000),
('L037', 1, 5, 1, 1, 424999),
('L038', 1, 3, 1, 1, 421999),
('L039', 1, 14, 1, 1, 751999),
('L040', 1, 15, 1, 1, 774999),
('L041', 1, 10, 1, 1, 985999),
('L042', 1, 10, 1, 1, 1521999),
('L043', 1, 10, 1, 1, 262200),
('L044', 1, 10, 1, 1, 279999),
('L045', 1, 45, 1, 1, 479000),
('L046', 1, 10, 1, 1, 249000),
('L047', 1, 10, 1, 1, 146999),
('L048', 1, 15, 1, 1, 179999),
('M001', 1, 10, 1, 1, 226999),
('M002', 1, 15, 1, 1, 191999),
('M003', 1, 10, 1, 1, 770999),
('M004', 1, 12, 1, 1, 483999),
('M005', 1, 16, 1, 1, 439999),
('M006', 1, 10, 1, 1, 74000),
('M007', 1, 25, 1, 1, 99999),
('PC001', 1, 10, 1, 1, 833000),
('PC002', 1, 10, 1, 1, 377999),
('PC003', 1, 2, 1, 1, 333200),
('PC004', 1, 15, 1, 1, 374999),
('PC005', 1, 15, 1, 1, 624999);

-- 
-- Dumping data for table users
--
-- Table webshop.users does not contain any data (it is empty)

-- 
-- Dumping data for table rendelések
--
-- Table webshop.rendelések does not contain any data (it is empty)

-- 
-- Dumping data for table kosár
--
-- Table webshop.kosár does not contain any data (it is empty)

-- 
-- Dumping data for table pc
--
INSERT INTO pc VALUES
('PC001', 'ACER', 'ACER Orion 5000 DG.E2UEU.005 Gamer PC ( /Core i7/16GB/1024 GB SSD/RTX3070 8GB/Win11H)', 'Intel® Core™ i7-12700F', 12, '4.9 GHz', 'DDR5', 16, 'NVIDIA GeForce RTX 3070 (3x DisplayPort, HDMI) - 8 GB', 'M.2', '1 TB', '800 W', 'Nincs', 'Gépen hátul: 2x USB 2.0 (Type A) 1x USB 3.2 (Gen2x2 Type C), 1x USB 3.2 (Gen1 Type A), 1x LAN(RJ45), 3x Audio jack, Gépen elöl: 3x USB 3.2 (Gen1 Type A), 1x USB 3.2 (Gen2 Type C) 2x Audio jack', 1, '802.11ax', 0, ''),
('PC002', 'FUJITSU', 'FUJITSU Esprimo Q7010 Q7010PC5WRIN miniPC (Core i5/8GB/256 GB SSD/Win10P)', 'Intel® Core™ i5-10500T', 6, '3.8 GHz', 'DDR4', 8, 'Intel UHD Graphics 630', 'M.2', '256 GB', '400 W', 'DVD meghajtó', '4x USB 2.0, 4x USB 3.2 (Gen.1), 2x USB 3.2 (Gen.2), 1x USB 3.2 Type-C (Gen.2), 2x DisplayPort, RJ-45, Audio kimenet, Audio bemenet', 1, '802.11ax', 0, ''),
('PC003', 'FUJITSU', 'FUJITSU Esprimo P5011 P511EPC71RIN Asztali PC (Core i7/16GB/512 GB SSD/Win10P)', 'Intel® Core™ i7-11700', 8, '2.5 GHz', 'DDR4', 16, 'Intel UHD Graphics 630', 'M.2', '512 GB', '500 W', 'DVD meghajtó', '6x USB 2.0, 3x USB 3.2 (Gen.1), 1x USB 3.2 Type-C (Gen.1), 2x DisplayPort, RJ-45, Audio kimenet, Audio bemenet', 1, '802.11ax', 1, '5.2'),
('PC004', 'APPLE', 'APPLE MacMini 2023 ezüst Apple M2 (8C/10C)/8GB/512 GB SSD (mmfk3mg/a)', 'Apple® M2', 8, NULL, 'Egyesített', 8, 'Apple', 'M.2', '512 GB', '150 W', 'Nincs', '2x USB Type-A, 2x Thunderbolt 4, 1x HDMI, 1x RJ-45, 3.5 mm mikrofon be/fejhallgató ki', 1, '802.11ax', 1, '5.3'),
('PC005', 'APPLE', 'APPLE MacMini 2023 ezüst Apple M2 Pro (10C/16C)/16GB/512 GB SSD (mnh73mg/a)', 'Apple® M2 Pro', 10, NULL, 'Egyesített', 16, 'Apple', 'M.2', '512 GB', '185 W', 'Nincs', '2x USB Type-A, 4x Thunderbolt 4, 1x HDMI, 1x RJ-45, 3.5 mm mikrofon be/fejhallgató ki', 1, '802.11ax', 1, '5.3');

-- 
-- Dumping data for table monitorok
--
INSERT INTO monitorok VALUES
('M001', 'ACER', 'ACER Nitro XV275KVymipruzx 27'''' Sík 4k 165 Hz 16:9 FreeSync IPS LED Gamer monitor', 'Fekete', 'IPS', '27', '16:9', '3840 x 2160', '165 Hz', '1x HDMI (2.1), 1x DisplayPort (1.4), 1x USB 3.1 Type-C, 2x USB 2.0, Audio kimenet', 'FreeSync, HDR 400'),
('M002', 'ACER', 'ACER Predator XB323QUNV UM.JX3EE.V05 31,5'''' Sík QHD 144 Hz 16:9 FreeSync IPS LED Gamer Monitor', 'Fekete', 'IPS', '31.5', '16:9', '2560 x 1440', '144 Hz', '2x HDMI 2.0, DisplayPort 1.2, 4x USB 3.0, USB Type-B, Audio kimenet', 'Freesync, Villódzásmentes technológia, DisplayHDR 400'),
('M003', 'APPLE', 'APPLE Studio Display 27" 5K Nanotexturált üveg, VESA adapterrel, állvány nélkül (mmyx3mp/a)', 'Fehér', 'OLED', '27', '16:9', '5120 x 2880', '60 Hz', '1x Thunderbolt 3 (USB‑C) port, 3x kétirányú USB‑C port (akár 10 Gb/s)', 'Automatikus fényerőszabályozó, Hangfelismerő érzékelő, True Tone technológia, 2 megapixeles ultraszéles látószögű kamera Rivaldafény funkcióval, Három mikrofon és hat hangszóró térhangzással (Dolby Atmos)'),
('M004', 'SAMSUNG', 'SAMSUNG Odyssey G9 S49CG934SUXEN 49'''' Ívelt DQHD 240 Hz 32:9 FreeSync OLED Gamer monitor', 'Szürke', 'OLED', '49', '32:9', '5120 x 1440', '240 Hz', '1x DisplayPort 1.4, 1x HDMI 2.1, microHDMI 2.1, USB Hub 3.0', 'HDR True Black 400, FreeSync'),
('M005', 'SAMSUNG', 'SAMSUNG Odyssey G9 C49RG90SSPXEN 49'''' Ívelt DQHD 120 Hz 32:9 G-Sync/FreeSync VA LED Gamer Monitor', 'Fekete', 'VA', '49', '32:9', '5120 x 1440', '120 Hz', '1x HDMI 2.0, 2x DisplayPort 1.4, 4x USB, Fülhallgató csatlakozó', '1800R, HDR1000, G-Sync/FreeSync'),
('M006', 'HUAWEI', 'HUAWEI MateView GT27 27'''' Ívelt QHD 165 Hz 16:9 VA LED Monitor', 'Fekete', 'VA', '27', '16:9', '2560 x 1440', '165 Hz', 'HDMI 2.0, DisplayPort 1.2, USB Type-C (tápellátás)', '1500R'),
('M007', 'XIAOMI', 'XIAOMI BHR5116GL 30'''' Ívelt WQHD 200 Hz 21:9 VA LED Gamer monitor', 'Fekete', 'VA', '30', '21:9', '2560 x 1080', '200 Hz', 'HDMI 1.4, HDMI 2.1, DP 1.2, Audio port', '1800R, AMD FreeSync™ Premium, Szemkímélő mód');

-- 
-- Dumping data for table megrendelések
--
-- Table webshop.megrendelések does not contain any data (it is empty)

-- 
-- Dumping data for table laptopok
--
INSERT INTO laptopok VALUES
('L001', 'ASUS', 'ASUS VivoBook X1504ZA-NJ437W Ezüst Laptop (15,6" FHD/Core i5/8GB/512 GB SSD/Win11H)', '15.6\r', '1920 x 1080', '60 Hz', '16:9', 'Intel® Core™ i5-1235U', '2.8 GHz', 10, 'DDR4', 8, 'Intel UHD Graphics', 'M.2', 512, 'Nincs', '1x USB 2.0, 2x USB 3.2 (Gen.1), 1x USB 3.2 Type-C (Gen.1), HDMI, 3.5 mm mikrofon be/fejhallgató ki', 1, '802.11ac', 1, '4.1', '42 Wh', 'Ezüst'),
('L002', 'ACER', 'ACER Aspire 3 NX.KDEEU.00P Ezüst Laptop (15,6" FHD/Ryzen5/8GB/512 GB SSD/Win11H)', '15.6', '1920 x 1080', '60 Hz', '16:9', 'AMD® Ryzen™ 5 7520U', '1.3 GHz', 4, 'LPDDR5', 8, 'AMD Radeon™ Onboard Graphics', 'M.2', 512, 'Nincs', '2x USB 3.2 (Gen.1), 1x USB 3.2 Type-C (Gen.2), HDMI, 3.5 mm mikrofon be/fejhallgató ki', 1, '802.11ax', 1, '5.0', '70 Wh', 'Ezüst'),
('L003', 'ACER', 'ACER Aspire 3 NX.K6SEU.01C Ezüst Laptop (15,6" FHD/Core i5/16GB/512 GB SSD/Win11H)', '15.6', '1920 x 1080', '60 Hz', '16:9', 'Intel® Core™ i5-1235U', '1.3 GHz', 10, 'LPDDR5', 16, 'Intel UHD Graphics', 'M.2', 512, 'Nincs', '2x USB 3.2 (Gen.1), 1x USB 3.2 Type-C (Gen.2), HDMI, 3.5 mm mikrofon be/fejhallgató ki', 1, '802.11ax', 1, '5.0', '70 Wh', 'Ezüst'),
('L004', 'ACER', 'ACER Aspire 3 NX.KDPEU.009  Ezüst Laptop (15,6" FHD/Core i3/8GB/128 GB eMMC/NoOS)', '15.6', '1920 x 1080', '60 Hz', '16:9', 'Intel® Core™ i3-N305', '1.3 GHz', 8, 'LPDDR5', 8, 'Radeon™ Onboard Graphics', 'eMMC', 128, 'Nincs', '2x USB 3.2, 1x USB Type-C, 1x HDMI, 1x 3.5 mm mikrofon be/fejhallgató ki', 1, '802.11ac', 1, '5.1', '40 Wh', 'Ezüst'),
('L005', 'ACER', 'ACER Aspire 5 NX.KN4EU.009_W Szürke Laptop (15,6" FHD/Core i5/16GB/512 GB SSD/Win11H)', '15.6', '1920 x 1080', '60 Hz', '16:9', 'Intel® Core™ i5-12450H', '3.3 GHz', 8, 'DDR4', 16, 'Intel UHD Graphics', 'M.2', 512, 'Nincs', '3x USB 3.2, 1x USB 3.2 Type-C (Gen.2), HDMI, RJ-45, 3.5 mm mikrofon be/fejhallgató ki', 1, '802.11ax', 1, '5.1', '50 Wh', 'Szürke'),
('L006', 'ACER', 'ACER Aspire 5 NX.KN3EU.006_W Szürke Laptop (15,6" FHD/Core i7/16GB/512 GB SSD/Win11H)', '15.6', '1920 x 1080', '60 Hz', '16:9', 'Intel® Core™ i7-12650H', '4.7 GHz', 10, 'DDR4', 16, 'Intel UHD Graphics', 'M.2', 512, 'Nincs', '3x USB 3.2, 1x USB 3.2 Type-C (Gen.2), HDMI, RJ-45, 3.5 mm mikrofon be/fejhallgató ki', 1, '801.11ax', 1, '5.1', '50 Wh', 'Szürke'),
('L007', 'ACER', 'ACER Aspire 5 NX.KN3EU.005 Szürke Laptop (15,6" FHD/Core i5/16GB/512 GB SSD/DOS)', '15.6', '1920 x 1080', '60 Hz', '16:9', 'Intel® Core™ i5-12450H', '3.3 GHz', 8, 'DDR4', 16, 'Intel UHD Graphics', 'M.2', 512, 'Nincs', '3x USB 3.2, 1x USB 3.2 Type-C (Gen.2), HDMI, RJ-45, 3.5 mm mikrofon be/fejhallgató ki', 1, '801.11ax', 1, '5.1', '50 Wh', 'Szürke'),
('L008', 'ACER', 'ACER Nitro 16 NH.QJMEU.001 Gamer laptop (16" WUXGA /Core i5/8GB/512 GB SSD/RTX4050 6GB/NoOS)', '16', '1920 x 1200', '60 Hz', '16:10', 'Intel® Core™ i5-13500H', '4.7 GHz', 12, 'DDR5', 8, 'Nvidia GeForce RTX™ 4050 6 GB', 'M.2', 512, 'Nincs', '1x USB 3.2 (Gen.1), 2x USB 3.2 (Gen.2), 2x USB 3.2 Type-C (Gen.2), HDMI, RJ-45, 3.5 mm mikrofon be/fejhallgató ki', 1, '802.11ax', 1, '5.1', '90 Wh', 'Fekete'),
('L009', 'ACER', 'ACER Aspire 3 NX.ADDEU.01J Ezüst Laptop (15,6" FHD/Core i3/8GB/256 GB SSD/Win11H)', '15.6', '1920 x 1080', '60 Hz', '16:9', 'Intel® Core™ i3-1115G4', '3 GHz', 2, 'DDR4', 8, 'Intel UHD Graphics', 'M.2', 256, 'Nincs', '1x USB 2.0, 2x USB 3.2 (Gen.1), HDMI, RJ-45, 3.5 mm mikrofon be/fejhallgató ki', 1, '802.11ac', 1, '5.0', '36.7 Wh', 'Ezüst'),
('L010', 'ACER', 'ACER Aspire 3 NX.ADDEU.00Y Ezüst Laptop (15,6" FHD/Core i3/8GB/256 GB SSD/DOS)', '15.6', '1920 x 1080', '60 Hz', '16:9', 'Intel® Core™ i3-1115G4', '3 GHz', 2, 'DDR4', 8, 'Intel UHD Graphics', 'M.2', 256, 'Nincs', '1x USB 2.0, 2x USB 3.2 (Gen.1), HDMI, RJ-45, 3.5 mm mikrofon be/fejhallgató ki', 1, '802.11ac', 1, '5.0', '36.7 Wh', 'Ezüst'),
('L011', 'ACER', 'ACER Swift X NX.AYLEU.002 Szürke Gamer laptop (16" FHD/Core i7/16GB/1024 GB SSD/RTX3050Ti 4GB/DOS)', '16', '1920 x 1080', '60 Hz', '16:9', 'Intel® Core™ i7-11390H', '3.4 GHz', 4, 'LPDDR4X', 8, 'Nvidia GeForce RTX™ 3050 Ti 4 GB', 'M.2', 1024, 'Nincs', '2x USB 3.2 (Gen.1), 1x USB Type-C, HDMI, 3.5 mm mikrofon be/fejhallgató ki', 1, '802.11ax', 1, '5.0', '56 Wh', 'Szürke'),
('L012', 'ACER', 'ACER Aspire 3 NX.ADUEU.022 Ezüst Laptop (15,6" FHD/Core i3/8GB/256 GB SSD/MX350 2GB/NoOS)', '15.6', '1920 x 1080', '60 Hz', '16:9', 'Intel® Core™ i3-1115G4', '3 GHz', 2, 'DDR4', 8, 'Nvidia GeForce® MX350 2 GB', 'M.2', 256, 'Nincs', '1x USB 2.0, 2x USB 3.2 (Gen.1), HDMI, RJ-45, 3.5 mm mikrofon be/fejhallgató ki', 1, '802.11ac', 1, '5.0', '36.7', 'Ezüst'),
('L013', 'ACER', 'ACER Aspire 3 NX.ADUEU.00U Ezüst Laptop (15,6" FHD/Core i3/8GB/256 GB SSD/MX350 2GB/DOS)', '15.6', '1920 x 1080', '60 Hz', '16:9', 'Intel® Core™ i3-1115G4', '3 GHz', 2, 'DDR4', 8, 'Nvidia GeForce® MX350 2 GB', 'M.2', 256, 'Nincs', '1x USB 2.0, 2x USB 3.2 (Gen.1), HDMI, RJ-45, 3.5 mm mikrofon be/fejhallgató ki', 1, '801.11ac', 1, '5.0', '36.7 Wh', 'Ezüst'),
('L014', 'ACER', 'ACER Aspire 3 NX.KDEEU.00B Ezüst Laptop (15,6" FHD/Ryzen3/8GB/256 GB SSD/NoOS)', '15.6', '1920 x 1080', '60 Hz', '16:9', 'AMD® Ryzen™ 3 7320U', '2.4 GHz', 4, 'LPDDR5', 8, 'AMD Radeon™ Onboard Graphics', 'M.2', 256, 'Nincs', '2x USB 3.2 (Gen.1), 1x USB 3.2 Type-C (Gen.2), HDMI, 3.5 mm mikrofon be/fejhallgató ki', 1, '801.11ax', 1, '5.0', '40 Wh', 'Ezüst'),
('L015', 'ACER', 'ACER Nitro 17 NH.QKLEU.004 Gamer laptop (17,3" FHD/Ryzen5/8GB/512 GB SSD/RTX4050 6GB/NoOS)', '17.3', '1920 x 1080', '165 Hz', '16:9', 'AMD® Ryzen™ 5 7640HS', '4.3 GHz', 6, 'DDR5', 8, 'Nvidia GeForce RTX™ 4050 6 GB', 'M.2', 512, 'Nincs', '1x USB 3.2 (Gen.1), 2x USB 3.2 (Gen.2), 2x USB 3.2 Type-C (Gen.2), HDMI, RJ-45, 3.5 mm mikrofon be/fejhallgató ki', 1, '802.11ax', 1, '5.1', '90 Wh', 'Fekete'),
('L016', 'ACER', 'ACER TravelMate NX.VSHEU.001 laptop (15,6" FHD/Ryzen3/8GB/256 GB SSD/DOS)', '15.6', '1920 x 1080', '60 Hz', '16:9', 'AMD® Ryzen™ 3 5300U', '2.6 GHz', 4, 'DDR4', 8, 'AMD Radeon™ Onboard Graphics', 'M.2', 256, 'Nincs', '3x USB 3.0, 1x USB 3.1 Type-C (Gen.1), 1x HDMI, 1x D-SUB (VGA), RJ-45, 3.5 mm mikrofon be/fejhallgató ki', 1, '802.11ax', 1, '5.1', '50 Wh', 'Fekete'),
('L017', 'ACER', 'ACER Extensa 215 NX.EGJEU.00G laptop (15,6" FHD/Core i3/8GB/256 GB SSD/DOS)', '15.6', '1920 x 1080', '60 Hz', '16:9', 'Intel® Core™ i3-1115G4', '3 GHz', 2, 'DDR4', 8, 'Intel UHD Graphics', 'M.2', 256, 'Nincs', '1x USB 2.0, 2x USB 3.2 (Gen.1), HDMI, RJ-45, 3.5 mm mikrofon be/fejhallgató ki', 1, '802.11ac', 1, '4.2', '36.7 Wh', 'Fekete'),
('L018', 'ACER', 'ACER Aspire 3 NX.K6WEU.00J Ezüst Laptop (15,6" FHD/Core i5/16GB/512 GB SSD/MX550 2GB/NoOS)', '15.6', '1920 x 1080', '60 Hz', '16:9', 'Intel® Core™ i5-1235U', '1.3 GHz', 10, 'DDR4', 16, 'Nvidia GeForce® MX550 2 GB', 'M.2', 512, 'Nincs', '3x USB 3.2 (Gen.1), HDMI, RJ-45, 3.5 mm mikrofon be/fejhallgató ki', 1, '802.11ac', 1, '5.0', '40 Wh', 'Ezüst'),
('L019', 'ACER', 'ACER Aspire 5 NX.AADEU.00B Laptop (17,3" FHD/Core i3/8GB/512 GB SSD/NoOS)', '17.3', '1920 x 1080', '60 Hz', '16:9', 'Intel® Core™ i3-1115G4', '3 GHz', 2, 'DDR4', 8, 'Intel Iris Xe', 'M.2', 512, 'Nincs', '3x USB 3.2, 1x USB 3.2 Type-C, HDMI, RJ-45, 3.5 mm mikrofon be/fejhallgató ki', 1, '802.11ax', 1, '5.1', '48 Wh', 'Ezüst'),
('L020', 'ACER', 'ACER Aspire 3 NX.KDEEU.00N Ezüst Laptop (15,6" FHD/Ryzen5/8GB/512 GB SSD/NoOS)', '15.6', '1920 x 1080', '60 Hz', '16:9', 'AMD® Ryzen™ 5 7520U', '2.8 GHz', 4, 'LPDDR5', 8, 'AMD Radeon™ Onboard Graphics', 'M.2', 512, 'Nincs', '2x USB 3.2 (Gen.1), 1x USB 3.2 Type-C (Gen.2), HDMI, 3.5 mm mikrofon be/fejhallgató ki', 1, '802.11ax', 1, '5.0', '40 Wh', 'Ezüst'),
('L021', 'ACER', 'ACER Aspire 3 NX.ADDEU.01X Ezüst Laptop (15,6" FHD/Core i3/8GB/256 GB SSD/Win11H)', '15.6', '1920 x 1080', '60 Hz', '16:9', 'Intel® Core™ i3-1115G4', '3 GHz', 2, 'DDR4', 8, 'Intel UHD Graphics', 'M.2', 256, 'Nincs', '1x USB 2.0, 2x USB 3.1, HDMI, RJ-45, 3.5 mm mikrofon be/fejhallgató ki', 1, '802.11ax', 1, '5.0', '35 Wh', 'Ezüst'),
('L022', 'APPLE', 'APPLE MacBook Air 2022 13,6" Liquid Retina éjfekete Apple M2(8C/8C)/8GB/256GB (mly33mg/a)', '13.6', '2560 x 1664', '60 Hz', '20:13', 'Apple® M2', '3.2 GHz', 8, 'Egyesített', 8, 'Apple M2', 'SSD', 256, 'Nincs', '2x Thunderbolt/USB 4, 3.5 mm Jack kimenet, MagSafe 3 töltőport', 1, '802.11ax', 1, '5.0', '52.6 Wh', 'Fekete'),
('L023', 'APPLE', 'APPLE MacBook Air 2020 13" Retina ezüst Apple M1 (8C/7C)/8GB/256 GB SSD (mgn93mg/a)', '13', '2560 x 1600', '60 Hz', '16:10', 'Apple® M1', '3.2 GHz', 8, 'LPDDRX4', 8, 'Apple M1', 'SSD', 256, 'Nincs', '2x Thunderbolt 3 (Töltés, DisplayPort, Thunderbolt 3 (akár 40 Gb/s), 2. generációs USB 3.1 (akár 10 Gb/s) támogatással), 3.5 mm Jack', 1, '802.11ax', 1, '5.0', '50 Wh', 'Ezüst'),
('L024', 'APPLE', 'APPLE MacBook Air 2022 13,6" Liquid Retina asztroszürke Apple M2(8C/10C)/8GB/512GB (mlxx3mg/a)', '13.6', '2560 x 1664', '60 Hz', '20:13', 'Apple® M2', '3.2 GHz', 8, 'Egyesített', 8, 'Apple M2', 'SSD', 512, 'Nincs', '2x Thunderbolt/USB 4, 3.5 mm Jack kimenet, MagSafe 3 töltőport', 1, '802.11ax', 1, '5.0', '52.6 Wh', 'Asztroszürke'),
('L025', 'APPLE', 'APPLE MacBook Air 2020 13" Retina asztroszürke Apple M1 (8C/7C)/8GB/256 GB SSD (mgn63mg/a)', '13', '2560 x 1600', '60 Hz', '16:10', 'Apple® M1', '3.2 GHz', 8, 'Egyesített', 8, 'Apple M1', 'SSD', 256, 'Nincs', '2x Thunderbolt 3 (Töltés, DisplayPort, Thunderbolt 3 (akár 40 Gb/s), 2. generációs USB 3.1 (akár 10 Gb/s) támogatással), 3.5 mm Jack', 1, '802.11ax', 1, '5.0', '50 Wh', 'Asztroszürke'),
('L026', 'APPLE', 'APPLE MacBook Air 2022 13,6" Liquid Retina éjfekete Apple M2(8C/10C)/8GB/512GB (mly43mg/a)', '13.6', '2560 x 1664', '60 Hz', '20:13', 'Apple® M2', '3.2 GHz', 8, 'Egyesített', 8, 'Apple M2', 'SSD', 512, 'Nincs', '2x Thunderbolt/USB 4, 3.5 mm Jack kimenet, MagSafe 3 töltőport', 1, '802.11ax', 1, '5.0', '52.6 Wh', 'Fekete'),
('L027', 'APPLE', 'APPLE MacBook Pro 2023 14,2" Liquid Retina XDR ezüst Apple M3(8C/10C)/8GB/1024GB (mr7k3mg/a)', '14.2', '3024 x 1964', '120 Hz', '3:2', 'Apple® M3', '3.2 GHz', 8, 'Egyesített', 8, 'Apple M3', 'M.2', 1024, 'Nincs', '2x Thunderbolt / USB 4, HDMI, MagSafe 3, 3.5 mm mikrofon be/fejhallgató ki', 1, '802.11ax', 1, '5.3', '70 Wh', 'Ezüst'),
('L028', 'APPLE', 'APPLE MacBook Pro 2023 14,2" Liquid Retina XDR éjfekete Apple M3 PRO(12C/18C)/18GB/1024GB (mrx43mg/a)', '14.2', '3024 x 1964', '120 Hz', '3:2', 'Apple® M3 PRO', '3.2 GHz', 12, 'Egyesített', 16, 'Apple M3 Pro', 'M.2', 1024, 'Nincs', '2x Thunderbolt / USB 4, HDMI, MagSafe 3, 3.5 mm mikrofon be/fejhallgató ki', 1, '802.11ax', 1, '5.3', '70 Wh', 'Éjfekete'),
('L029', 'APPLE', 'APPLE MacBook Pro 2023 14,2" Liquid Retina XDR asztroszürke Apple M2 Max(12C/38C)/64GB/1024GB (Z17J000QA)', '14.2', '3024 x 1964', '120 Hz', '3:2', 'Apple® M2 Max', '3.2 GHz', 12, 'Egyesített', 64, 'Apple M2 Max', 'M.2', 1024, 'Nincs', '3x Thunderbolt 4, 1x HDMI, 1x MagSafe 3, 3.5 mm mikrofon be/fejhallgató ki', 1, '802.11ax', 1, '5.3', '70 Wh', 'Asztroszürke'),
('L030', 'APPLE', 'APPLE MacBook Air 2022 13,6" Liquid Retina ezüst Apple M2(8C/10C)/8GB/512GB (mly03mg/a)', '13.6', '2560 x 1664', '60 Hz', '20:13', 'Apple® M2', '3.2 GHz', 8, 'Egyesített', 8, 'Apple M2', 'SSD', 512, 'Nincs', '2x Thunderbolt/USB 4, 3.5 mm Jack kimenet, MagSafe 3 töltőport', 1, '802.11ax', 1, '5.0', '52.6 Wh', 'Ezüst'),
('L031', 'APPLE', 'APPLE MacBook Air 2023 15,3" Liquid Retina asztroszürke Apple M2(8C/10C)/8GB/512GB (mqkq3mg/a)', '15.3', '2880 x 1864', '60 Hz', '9:5', 'Apple® M2', '3.2 GHz', 8, 'Egyesített', 8, 'Apple M2', 'M.2', 512, 'Nincs', '2x Thunderbolt/USB 4 (Töltés, DisplayPort, Thunderbolt 3 (akár 40 Gb/s), USB 4 (akár 40 Gb/s), 2. generációs USB 3.1 (akár 10 Gb/s)), 3.5 mm mikrofon be/fejhallgató ki, MagSafe 3 töltőport', 1, '802.11ax', 1, '5.3', '66.5 Wh', 'Asztroszürke'),
('L032', 'ASUS', 'ASUS VivoBook X1504ZA-NJ437W Ezüst Laptop (15,6" FHD/Core i5/8GB/512 GB SSD/Win11H)', '15.6', '1920 x 1080', '60 Hz', '16:9', 'Intel® Core™ i5-1235U', '1.3 GHz', 10, 'DDR4', 8, 'Intel UHD Graphics', 'M.2', 512, 'Nincs', '1x USB 2.0, 2x USB 3.2 (Gen.1), 1x USB 3.2 Type-C (Gen.1), HDMI, 3.5 mm mikrofon be/fejhallgató ki', 1, '802.11ac', 1, '4.1', '42 Wh', 'Ezüst'),
('L033', 'ASUS', 'ASUS VivoBook E510MA-EJ909WS Laptop (15,6" FHD/Celeron/4GB/128 GB SSD/Win11HS)', '15.6', '1920 x 1080', '60 Hz', '16:9', 'Intel® Celeron® Processor N4020', '1.1 GHz', 2, 'DDR4', 4, 'Intel UHD 600', 'M.2', 128, 'Nincs', '1x USB 2.0, 1x USB 3.2 (Gen.1), 1x USB 3.2 Type-C (Gen.1), HDMI, 3.5 mm mikrofon be/fejhallgató ki', 1, '802.11ac', 1, '5.1', '42 Wh', 'Fekete'),
('L034', 'ASUS', 'ASUS VivoBook Go 15 E1504GA-NJ285W Szürke Laptop (15,6" FHD/Core i3/8GB/512 GB SSD/Win11H)', '15.6', '1920 x 1080', '60 Hz', '16:9', 'Intel® Core™ i3-N305', '3.8 GHz', 8, 'DDR4', 8, 'Intel UHD Graphics', 'M.2', 512, 'Nincs', '1x USB 2.0, 1x USB 3.2 (Gen.1), 1x USB 3.2 Type-C (Gen.1), HDMI, 3.5 mm mikrofon be/fejhallgató ki', 1, '802.11ac', 1, '2.5', '42 Wh', 'Szürke'),
('L035', 'ASUS', 'ASUS TUF Gaming F15 FX506HE-HN151W Gamer laptop (15,6" FHD/Core i5/16GB/512 GB SSD/RTX3050Ti 4GB/Win11H)', '15.6', '1920 x 1080', '60 Hz', '16:9', 'Intel® Core™ i5-11400H', '2.7 GHz', 6, 'DDR4', 16, 'Nvidia GeForce RTX™ 3050 Ti 4 GB', 'M.2', 512, 'Nincs', '3x USB 3.2 (Gen.1), 1x Thunderbolt 4, HDMI, RJ-45, 3.5 mm mikrofon be/fejhallgató ki', 1, '802.11ax', 1, '5.3', '48 Wh', 'Fekete'),
('L036', 'ASUS', 'ASUS ExpertBook B7 B7402FEA-L90442 laptop (14" WQXGA/Core i7/16GB/512 GB SSD/NoOS)', '14', '2560 x 1600', '60 Hz', '16:10', 'Intel® Core™ i7-1195G7', '5 GHz', 4, 'DDR4', 16, 'Intel Iris Xe', 'M.2', 512, 'Nincs', '2x USB 3.2 (Gen.2), 2x Thunderbolt 4, 1x HDMI, 1x micro HDMI, 3.5 mm mikrofon be/fejhallgató ki', 1, '802.11ax', 1, '5.2', '63 Wh', 'Fekete'),
('L037', 'ASUS', 'ASUS ExpertBook B5 B5302CEA-L50357 laptop (13,3" FHD/Core i5/8GB/256 GB SSD/NoOS)', '13.3', '1920 x 1080', '60 Hz', '16:9', 'Intel® Core™ i5-1135G7', '2.4 GHz', 4, 'DDR4', 8, 'Intel Iris Xe', 'M.2', 256, 'Nincs', '1x USB 3.2 (Gen.2), 2x Thunderbolt 4, 1x HDMI, 1x micro HDMI, 3.5 mm mikrofon be/fejhallgató ki', 1, '802.11ax', 1, '5.0', '66 Wh', 'Fekete'),
('L038', 'ASUS', 'ASUS ZenBook 14x UX3404VA-M9054W Szürke Laptop (14,5" 2.8k OLED/Core i5/16GB/512 GB SSD/Win11H)', '14.5', '2880 x 1800', '120 Hz', '16:10', 'Intel® Core™ i5-13500H', '4.7 GHz', 12, 'LPDDR5', 16, 'Intel Iris Xe', 'M.2', 512, 'Nincs', '1x USB 3.2 (Gen.2), 2x Thunderbolt 4, HDMI, 3.5 mm mikrofon be/fejhallgató ki', 1, '802.11ax', 1, '5.3', '70 Wh', 'Szürke'),
('L039', 'ASUS', 'ASUS ROG Zephyrus G14 GA402RJ-L4143W Fehér Gamer laptop (14" FHD+/Ryzen9/16GB/1024 GB SSD/RX6700S 8GB/Win11H)', '14', '1920 x 1200', '144 Hz', '16:10', 'AMD® Ryzen™ 9 6900HS', '3.3 GHz', 8, 'DDR5', 16, 'AMD Radeon™ RX 6700S 8 GB', 'M.2', 1024, 'Nincs', '2x USB 3.2 (Gen.2), 2x USB 3.2 Type-C (Gen.2), HDMI, 3.5 mm mikrofon be/fejhallgató ki', 1, '802.11ax', 1, '5.2', '76 Wh', 'Fehér'),
('L040', 'ASUS', 'ASUS ROG Strix G15 G513RW-HF253 Zöld Gamer laptop (15,6" FHD/Ryzen7/16GB/1024 GB SSD/RTX3070Ti 8GB/NoOS)', '15.6', '1920 x 1080', '144 Hz', '16:9', 'AMD® Ryzen™ 7 6800H', '3.2 GHz', 8, 'DDR5', 16, 'Nvidia GeForce RTX™ 3070 Ti 8 GB', 'M.2', 1024, 'Nincs', '2x USB 3.2 (Gen.1), 2x USB 3.2 Type-C (Gen.2), HDMI, RJ-45, 3.5 mm mikrofon be/fejhallgató ki', 1, '802.11ax', 1, '5.2', '90 Wh', 'Zöld'),
('L041', 'ASUS', 'ASUS ROG Strix G18 G814JI-N5081W Szürke Gamer laptop (18" WUXGA/Core i7/16GB/512 GB SSD/RTX4070 8GB/Win11H)', '18', '1920 x 1200', '165 Hz', '16:10', 'Intel® Core™ i7-13650HX', '2.6 GHz', 14, 'DDR5', 16, 'Nvidia GeForce RTX™ 4070 8 GB', 'M.2', 512, 'Nincs', '2x USB 3.2 (Gen.2), 1x USB 3.2 Type-C (Gen.2), 1x Thunderbolt 4, HDMI, RJ-45, 3.5 mm mikrofon be/fejhallgató ki', 1, '802.11ax', 1, '5.2', '90 Wh', 'Szürke'),
('L042', 'ASUS', 'ASUS ROG Strix SCAR 17 G733PYV-LL045W Gamer laptop (17,3" QHD/Ryzen9/32GB/1024 GB SSD/RTX4090 16GB/Win11H)', '17.3', '2560 x 1440', '240 Hz', '16:9', 'AMD® Ryzen™ 9 7945HX3D', '2.3 GHz', 16, 'DDR5', 32, 'Nvidia GeForce RTX™ 4090 16 GB', 'M.2', 1024, 'Nincs', '2x USB 3.2 (Gen.1), 2x USB 3.2 Type-C (Gen.2), HDMI, RJ-45, 3.5 mm mikrofon be/fejhallgató ki', 1, '802.11ax', 1, '5.2', '90 Wh', 'Fekete'),
('L043', 'DELL', 'DELL Inspiron 16 5625 INSP5625-3-HG Ezüst Laptop (16" WUXGA/Ryzen7/16GB/512 GB SSD/Win11H)', '16', '1920 x 1200', '60 Hz', '16:10', 'AMD® Ryzen™ 7 5825U', '2 GHz', 8, 'DDR4', 16, 'AMD Radeon™ Onboard Graphics', 'M.2', 512, 'Nincs', '2x USB 3.2, 1x USB 3.2 Type-C, HDMI, 3.5 mm mikrofon be/fejhallgató ki', 1, '802.11ax', 1, '5.2', '64 Wh', 'Ezüst'),
('L044', 'DELL', 'DELL Inspiron 3530 3530_338026 Laptop (15,6" FHD/Core i5/8GB/512 GB SSD/Win11H)', '15.6', '1920 x 1080', '120 Hz', '16:9', 'Intel® Core™ i5-1335U', '4.6 GHz', 10, 'DDR4', 8, 'Intel Iris Xe', 'M.2', 512, 'Nincs', '1x USB 2.0, 1x USB 3.2 (Gen.1), 1x USB 3.2 Type-C (Gen.1), HDMI, 3.5 mm mikrofon be/fejhallgató ki', 1, '802.11ax', 1, '5.0', '41 Wh', 'Fekete'),
('L045', 'DELL', 'DELL Latitude 3520 N063L352015EMEA_REF Laptop (15,6" FHD/Core i5/8GB/512 GB SSD/Win11P)', '15.6', '1920 x 1080', '60 Hz', '16:9', 'Intel® Core™ i5-1135G7', '2.4 GHz', 4, 'DDR4', 8, 'Intel Iris Xe', 'M.2', 512, 'Nincs', '1x USB 2.0, 2x USB 3.2 (Gen.1), 1x USB 3.2 Type-C (Gen.2), HDMI, RJ-45, 3.5 mm mikrofon be/fejhallgató ki', 1, '802.11ax', 1, '5.1', '54 Wh', 'Fekete'),
('L046', 'DELL', 'DELL Inspiron 15 3525 INSP3525-9-HG Ezüst Laptop (15,6" FHD/Ryzen7/16GB/512 GB SSD/Win11H)', '15.6', '1920 x 1080', '120 Hz', '16:9', 'AMD® Ryzen™ 7 5700U', '1.8 GHz', 8, 'DDR4', 16, 'AMD Radeon™ Onboard Graphics', 'M.2', 512, 'Nincs', '1x USB 2.0, 2x USB 3.2, HDMI, 3.5 mm mikrofon be/fejhallgató ki', 1, '802.11a/b/g', 1, '5.0', '41 Wh', 'Ezüst'),
('L047', 'DELL', 'DELL Inspiron 3520 3520_338024 Laptop (15,6" FHD/Core i3/8GB/256 GB SSD/Linux)', '15.6', '1920 x 1080', '60 Hz', '16:9', 'Intel® Core™ i3-1115G4', '3 GHz', 2, 'DDR4', 8, 'Intel UHD Graphics', 'M.2', 256, 'Nincs', '1x USB 2.0, 3x USB 3.2 (Gen.1), 1x USB 3.2 Type-C (Gen.1), HDMI, RJ-45, 3.5 mm mikrofon be/fejhallgató ki', 1, '802.11ac', 1, '5.0', '41 Wh', 'Fekete'),
('L048', 'DELL', 'DELL Inspiron 3520 3520_338021 Laptop (15,6" FHD/Core i3/8GB/256 GB SSD/Win11H)', '15.6', '1920 x 1080', '60 Hz', '16:9', 'Intel® Core™ i3-1115G4', '3 GHz', 2, 'DDR4', 8, 'Intel UHD Graphics', 'M.2', 256, 'Nincs', '1x USB 2.0, 3x USB 3.2 (Gen.1), 1x USB 3.2 Type-C (Gen.1), HDMI, RJ-45, 3.5 mm mikrofon be/fejhallgató ki', 1, '802.11ac', 1, '5.0', '41 Wh', 'Fekete');

-- 
-- Dumping data for table fejhallgatók
--
INSERT INTO fejhallgatók VALUES
('FE001', 'RAZER', 'Razer Kraken Kitty Edition - Gaming Headset (The Cat Ear USB Gaming Headset, Chroma Lighting, Wired for Cross-Platform Gaming, 50 mm Driver, 3.5 mm Cable with Line Controls) Quartz Pink', 'Vezetékes fejhallgató', 'Vezetékes', '108 dB', '20 - 20000Hz', 1, 1, 0, '', 'USB', '408 g', 'Rózsaszín'),
('FE002', 'SONY', 'SONY WH-CH720N Bluetooth zajszűrős fejhallgató mikrofonnal, fekete (WHCH720NB.CE7)', 'Bluetooth fejhallgató', 'Vezeték nélküli', '108 dB', '7 Hz - 20000 Hz', 1, 1, 1, '5.2', 'USB, 3.5 mm Jack', '192 g', 'Fekete'),
('FE003', 'JBL', 'JBL Tour One M2 zajszűrős bluetooth fejhallgató mikrofonnal, fekete', 'Bluetooth fejhallgató', 'Vezeték nélküli', '117 dB', '10 - 40000 Hz', 1, 1, 1, '5.3', 'USB Type-C, 3.5 mm Jack', '272 g ', 'Fekete'),
('FE004', 'BOSE', 'BOSE QuietComfort Ultra Headphones, aktív zajszűrős, Bluetooth fejhallgató, füst-fehér (B 880066-0200)', 'Bluetooth fejhallgató', 'Vezeték nélküli', '104 dB', '7 Hz - 20000 Hz', 1, 1, 1, '5.3', 'USB Type-C, 3.5 mm Jack', '250 g', 'Fehér'),
('FE005', 'SENNHEISER', 'SENNHEISER HD 660S2 vezetékes Hi-fi fejhallgató', 'Vezetékes fejhallgató', 'Vezetékes', '104 dB', '8 - 41500 Hz', 1, 1, 0, '', '6.3 mm-es (1⁄4 hüvelykes) jack csatlakozó, 4.4 mm-es kiegyensúlyozott csatlakozó', '260 g', 'Fekete');

-- 
-- Dumping data for table `2in1`
--
INSERT INTO `2in1` VALUES
('I001', 'ASUS', 'ASUS ROG Flow X13 GV302XU-MU010W Gamer laptop (13,4" WQXGA Touch/Ryzen9/16GB/1024 GB SSD/RTX4050 6GB/Win11H)', '13.4', '2560 x 1600', '16:10', 'AMD® Ryzen™ 9 7940HS', '5.2 GHz', 8, 'LPDDR5', 16, 'Nvidia GeForce RTX™ 4050', 'M.2', '1 TB', 'Nincs', '1x USB 3.2 (Gen.2), 1x USB 3.2 Type-C (Gen.2), 1x USB 4 Type-C, HDMI, 1x ROG XG Mobile Interface, 3.5 mm mikrofon be/fejhallgató ki', 1, '802.11ax', 1, '5.3', '75 Wh', 'Fekete'),
('I002', 'ASUS', 'ASUS ZenBook Duo UX8406MA-QL095W Szürke 2in1 eszköz (14" Dupla WUXGA OLED/Core Ultra 7/16GB/1024 GB SSD/Intel Arc/Win11H)', '14', '1920 x 1200', '16:10', 'Intel® Core™ Ultra 7 155H', '1.4 GHz', 16, 'LPDDR5X', 16, 'Intel', 'M.2', '1 TB', 'Nincs', '1x USB 3.2 (Gen.1), 2x Thunderbolt 4, HDMI, 3.5 mm mikrofon be/fejhallgató ki', 1, '802.11ax', 1, '5.3', '75 Wh', 'Szürke'),
('I003', 'MICROSOFT', 'MICROSOFT Surface Pro 7 PUV-00036 Szürke 2in1 eszköz (12,3" 2736 × 1824/Core i5/8GB/256 GB SSD/Win10H)', '12.3', '2736 x 1824', '3:2', 'Intel® Core™ i5-1035G4', '1.1 GHz', 4, 'LPDDR4X', 8, 'Intel', 'M.2', '256 GB', 'Nincs', 'USB Type-C, Surface Connect, 3.5 mm Jack', 1, '802.11ax', 1, '5.0', '44.2 Wh', 'Szürke'),
('I004', 'LENOVO', 'LENOVO Yoga Book 9 13IRU8 82YQ004XHV Zöld 2in1 eszköz (13,3" 2x 13.3" 2.8K OLED Touch/Core i7/16GB/1024 GB SSD/Intel Iris XE/Win11H)', '13.3', '2880 x 1800', '3:2', 'Intel® Core™ i7-1355U', '1.7 GHz', 10, 'LPDDR5X', 16, 'Intel', 'M.2', '1 TB', 'Nincs', '3x USB Type-C', 1, '802.11ax', 1, '5.1', '80 Wh', 'Zöld'),
('I005', 'LENOVO', 'LENOVO Yoga Slim 7 Pro 14IAH7 82UT003VHV Szürke Laptop (14" 2.8k/Core i7/16GB/512 GB SSD/Intel Iris XE/Win11H)', '14', '2880 x 1800', '3:2', 'Intel® Core™ i7-12700H', '2.3 GHz', 14, 'LPDDR5', 16, 'Intel Iris Xe Graphics', 'M.2', '512 GB', 'Nincs', '1x USB 3.2 (Gen.1), 2x Thunderbolt 4, 3.5 mm mikrofon be/fejhallgató ki', 1, '802.11ax', 1, '5.1', NULL, NULL),
('I006', 'LENOVO', 'LENOVO Yoga Pro 9 16IRP8 83BY0056HV Szürke 2in1 eszköz (16" 3.2k Touch/Core i7/32GB/1024 GB SSD/Intel Iris XE/Win11P)', '16', '3200 x 2000', '8:5', 'Intel® Core™ i7-13705H', '5 GHz', 14, 'LPDDR5X', 32, 'Intel Iris Xe Graphics', 'M.2', '1 TB', 'Nincs', '2x USB 3.2 (Gen.1), 1x USB 4 Type-C, HDMI, 3.5 mm mikrofon be/fejhallgató ki', 1, '802.11ax', 1, '5.3', NULL, NULL);

-- 
-- Restore previous SQL mode
-- 
/*!40101 SET SQL_MODE=@OLD_SQL_MODE */;

-- 
-- Enable foreign keys
-- 
/*!40014 SET FOREIGN_KEY_CHECKS = @OLD_FOREIGN_KEY_CHECKS */;